{
    "method": "GridSearchCV",
    "model": "Lasso",
    "dataset": "Mod\u00e8le 1",
    "best_params": {
        "model__alpha": 0.01
    },
    "cv_score": 0.7957255876046734,
    "metrics": {
        "model": "Lasso M1",
        "train_r2": 0.9497725452601705,
        "test_r2": 0.7672309495791176,
        "train_rmse_log": 0.2980734670566013,
        "test_rmse_log": 0.6212125649608514,
        "train_mae_log": 0.2729718142561039,
        "test_mae_log": 0.496294853639635,
        "train_rmse_original": 67.28514832843803,
        "test_rmse_original": 267.82840731228345,
        "train_mape": 29.68110672920491,
        "test_mape": 70.37902660961713,
        "cv_r2_mean": 0.7957255876046734,
        "cv_r2_std": 0.006570264169902508,
        "overfitting_r2": 0.18254159568105288
    }
}