{
    "method": "GridSearchCV",
    "model": "Lasso",
    "dataset": "Mod\u00e8le 2",
    "best_params": {
        "model__alpha": 0.01
    },
    "cv_score": 0.6796210734826978,
    "metrics": {
        "model": "Lasso M2",
        "train_r2": 0.9459796644900188,
        "test_r2": 0.6269705391686784,
        "train_rmse_log": 0.3091230375074656,
        "test_rmse_log": 0.7864102768221674,
        "train_mae_log": 0.28484798584196047,
        "test_mae_log": 0.6141411296898899,
        "train_rmse_original": 57.46758454771873,
        "test_rmse_original": 420.37486827918315,
        "train_mape": 30.76011162430352,
        "test_mape": 97.676058189789,
        "cv_r2_mean": 0.6796210734826978,
        "cv_r2_std": 0.022905450693086058,
        "overfitting_r2": 0.3190091253213404
    }
}