{
    "method": "GridSearchCV",
    "model": "Ridge",
    "dataset": "Mod\u00e8le 2",
    "best_params": {
        "model__alpha": 10.0
    },
    "cv_score": 0.6962088335599643,
    "metrics": {
        "model": "Ridge M2",
        "train_r2": 0.9999121146491012,
        "test_r2": 0.6465397772029546,
        "train_rmse_log": 0.012468407254777833,
        "test_rmse_log": 0.7655047456476857,
        "train_mae_log": 0.004650907828060317,
        "test_mae_log": 0.6046110118337203,
        "train_rmse_original": 2.86368012672696,
        "test_rmse_original": 93.33667389879459,
        "train_mape": 0.5002259714261632,
        "test_mape": 91.84353294392947,
        "cv_r2_mean": 0.6962088335599643,
        "cv_r2_std": 0.031060806526529754,
        "overfitting_r2": 0.3533723374461466
    }
}