{
    "method": "GridSearchCV",
    "model": "Ridge",
    "dataset": "Mod\u00e8le 2",
    "best_params": {
        "model__alpha": 10.0
    },
    "cv_score": 0.600125672695081,
    "metrics": {
        "model": "Ridge M2",
        "train_r2": 0.999904812522675,
        "test_r2": 0.5352452498331262,
        "train_rmse_log": 0.012976053941873227,
        "test_rmse_log": 0.877787784107098,
        "train_mae_log": 0.005187382297606053,
        "test_mae_log": 0.6900401377544797,
        "train_rmse_original": 2.680706674906287,
        "test_rmse_original": 115.13302893752267,
        "train_mape": 0.5558794994457944,
        "test_mape": 111.33997267708406,
        "cv_r2_mean": 0.600125672695081,
        "cv_r2_std": 0.042281017254099995,
        "overfitting_r2": 0.4646595626895489
    }
}