Modèle,R² Test,RMSE Log,RMSE Original,MAPE,CV R² Mean,Overfitting
M2 - GB (GridSearch),0.6877987091237923,0.7194406307749247,94.65667678506719,88.22645077231964,0.7521024090808158,0.23069733385912117
M2 - GB (RandomSearch),0.6799022212127727,0.7284821994809457,94.56577761995155,90.51258375225189,0.7499203649637349,0.22113484272320183
M1 - GB (GridSearch),0.6523528056589292,0.7591838806272332,99.05937992211386,94.3973552354974,0.7247174318786069,0.24856589042068178
M1 - GB (RandomSearch),0.6458166754447943,0.7662873726264415,99.64778807307884,97.88761313172151,0.7221709715503375,0.23551676585393433
M2 - RF (RandomSearch),0.6343046315449288,0.7786411359764029,100.59322231421378,110.29224300526023,0.714517596624067,0.3113181627061289
M2 - RF (GridSearch),0.6335056429030174,0.7794912779741029,100.84648083131835,110.6852834403983,0.7151969926097118,0.31221424979723
M2 - Lasso,0.6269705391686784,0.7864102768221674,420.37486827918315,97.676058189789,0.6796210734826978,0.3190091253213404
M1 - RF (RandomSearch),0.6086623969970127,0.8054774829159659,102.06959842180197,110.5452960531309,0.6957887712466324,0.2829217062434073
M1 - RF (GridSearch),0.605389725157423,0.8088384878040631,102.53279301832575,111.57635028315376,0.6960935772276435,0.34425215654320385
M1 - Lasso,0.5942160304400339,0.8202099947209592,417.50103978253003,103.61229411191893,0.6506322138330617,0.3515558783033913
M2 - Ridge,0.5352452498331262,0.877787784107098,115.13302893752267,111.33997267708406,0.600125672695081,0.4646595626895489
M1 - Ridge,0.5179010258693653,0.8940168775500302,135.62665538897795,122.76864628623751,0.5893650617401469,0.4820861420598678
