{
    "model": "Gradient Boosting",
    "cv_r2_mean": 0.9898715090093926,
    "cv_r2_std": 0.002547284491509358,
    "cv_rmse_mean": 0.13278189689420364,
    "cv_rmse_std": 0.017594789066440082,
    "cv_mae_mean": 0.0741903749535913,
    "cv_mae_std": 0.005274256162730928,
    "train_r2_mean": 0.997476872162807,
    "train_r2": 0.9972960738258915,
    "test_r2": 0.9845720473969529,
    "train_rmse_log": 0.06915922987561976,
    "test_rmse_log": 0.15993067195365043,
    "train_mae_log": 0.047837074095582806,
    "test_mae_log": 0.08750499639990797,
    "test_rmse_original": 52.089349712334034,
    "test_mae_original": 17.47213149854074,
    "test_mape": 9.048187050130501,
    "overfitting_r2": 0.01272402642893855,
    "overfitting_rmse": 0.09077144207803067,
    "train_time": 5.050959587097168
}