Métrique,Modèle 1 (Sans ENERGY STAR),Modèle 2 (Avec ENERGY STAR),Gain Absolu,Gain %
R²,0.9999886834897773,0.9999884402758348,-2.4321394254123163e-07,-2.4321669490544586e-05
RMSE,0.004331455669990136,0.004377753960066003,4.6298290075867145e-05,1.068885234048178
MAE,0.002904400313323336,0.00292263736089214,1.823704756880387e-05,0.627910948953737
