Métrique,Modèle 1 (Sans ENERGY STAR),Modèle 2 (Avec ENERGY STAR),Gain Absolu,Gain %
R²,0.9999886834897773,0.9999884402758348,-2.4321394254123163e-07,-2.4321669490544586e-05
RMSE,0.0043314556699901394,0.004377753960065951,4.6298290075811634e-05,1.0688852340468957
MAE,0.0029044003133233886,0.002922637360892083,1.8237047568694584e-05,0.6279109489499628
