Métrique,Modèle 1 (Sans ENERGY STAR),Modèle 2 (Avec ENERGY STAR),Gain Absolu,Gain %
R²,0.650878118317574,0.6832787451825679,0.0324006268649939,4.977986807844276
RMSE,0.7607923706738192,0.7246298474916945,-0.03616252318212476,-4.753271007449287
MAE,0.5823303193133348,0.5506455096150865,-0.03168480969824827,-5.441037268265541
