{
    "modele_1": {
        "nom": "Gradient Boosting",
        "cv_r2_mean": 0.7066874319314872,
        "cv_r2_std": 0.02075782147652434,
        "r2_test": 0.650878118317574,
        "rmse_test_log": 0.7607923706738192,
        "rmse_test_original": 99.90954518555957,
        "mape_test": 96.44061472669813
    },
    "modele_2": {
        "nom": "Gradient Boosting",
        "cv_r2_mean": 0.7352751379355503,
        "cv_r2_std": 0.016473470416461605,
        "r2_test": 0.6832787451825679,
        "rmse_test_log": 0.7246298474916945,
        "rmse_test_original": 96.5126552909589,
        "mape_test": 87.99571143956094
    },
    "gains": {
        "cv_r2": 0.02858770600406313,
        "test_r2": 0.0324006268649939,
        "rmse_log": 0.03616252318212476,
        "mape": 8.444903287137194
    }
}