{
    "modele_1": {
        "nom": "Random Forest",
        "r2_test": 0.9999886834897773,
        "rmse_test_log": 0.0043314556699901394,
        "rmse_test_original": 0.8451348069214294,
        "mape_test": 0.3046898983334227
    },
    "modele_2": {
        "nom": "Random Forest",
        "r2_test": 0.9999884402758348,
        "rmse_test_log": 0.004377753960065951,
        "rmse_test_original": 0.824189402030681,
        "mape_test": 0.3072439219280011
    },
    "gains": {
        "r2": -2.4321394254123163e-07,
        "rmse": -4.6298290075811634e-05,
        "mape": -0.002554023594578403
    }
}