{
    "modele_1": {
        "nom": "Random Forest",
        "r2_test": 0.9999886834897773,
        "rmse_test_log": 0.004331455669990136,
        "rmse_test_original": 0.8451348069214466,
        "mape_test": 0.3046898983334177
    },
    "modele_2": {
        "nom": "Random Forest",
        "r2_test": 0.9999884402758348,
        "rmse_test_log": 0.004377753960066003,
        "rmse_test_original": 0.8241894020307171,
        "mape_test": 0.30724392192800676
    },
    "gains": {
        "r2": -2.4321394254123163e-07,
        "rmse": -4.6298290075867145e-05,
        "mape": -0.002554023594589061
    }
}