{
    "modele_1": {
        "nom": "Gradient Boosting",
        "r2_test": 0.650878118317574,
        "rmse_test_log": 0.7607923706738192,
        "rmse_test_original": 99.90954518555957,
        "mape_test": 96.44061472669813
    },
    "modele_2": {
        "nom": "Gradient Boosting",
        "r2_test": 0.6832787451825679,
        "rmse_test_log": 0.7246298474916945,
        "rmse_test_original": 96.5126552909589,
        "mape_test": 87.99571143956094
    },
    "gains": {
        "r2": 0.0324006268649939,
        "rmse": 0.03616252318212476,
        "mape": 8.444903287137194
    }
}