{
    "method": "RandomizedSearchCV",
    "model": "Random Forest",
    "dataset": "Mod\u00e8le 1 (Sans ENERGY STAR)",
    "best_params": {
        "model__n_estimators": 200,
        "model__min_samples_split": 5,
        "model__min_samples_leaf": 1,
        "model__max_features": null,
        "model__max_depth": null,
        "model__bootstrap": true
    },
    "cv_score": 0.9872068267148499,
    "metrics": {
        "model": "Random Forest (RandomizedSearch)",
        "train_r2": 0.9980856468958136,
        "test_r2": 0.9839276147618851,
        "train_rmse_log": 0.05819206342470589,
        "test_rmse_log": 0.16323669030595755,
        "train_mae_log": 0.024913931052265293,
        "test_mae_log": 0.07192190459920031,
        "train_rmse_original": 16.595272221314573,
        "test_rmse_original": 50.42336496278,
        "train_mape": 2.478261533991248,
        "test_mape": 7.4870852670239945,
        "cv_r2_mean": 0.9872068267148499,
        "cv_r2_std": 0.003589596815042531,
        "overfitting_r2": 0.014158032133928522
    },
    "optimization_time_minutes": 7.785156818230947,
    "n_iterations": 100
}