{
    "modele_1": {
        "nom": "Gradient Boosting",
        "r2_test": 0.9845720473969529,
        "rmse_test_log": 0.15993067195365043,
        "rmse_test_original": 52.089349712334034,
        "mape_test": 9.048187050130501
    },
    "modele_2": {
        "nom": "Random Forest",
        "r2_test": 0.9849500106718615,
        "rmse_test_log": 0.15795948529971635,
        "rmse_test_original": 47.44848078141146,
        "mape_test": 7.354450522570347
    },
    "gains": {
        "r2": 0.00037796327490857706,
        "rmse": 0.001971186653934087,
        "mape": 1.6937365275601541
    }
}