{
    "model": "Gradient Boosting GridSearch M1",
    "train_r2": 0.9999998579146612,
    "test_r2": 0.9999951193118385,
    "train_rmse_log": 0.0005013342404271208,
    "test_rmse_log": 0.002844579947376898,
    "train_mae_log": 0.00037384967995573955,
    "test_mae_log": 0.001863699396106961,
    "train_rmse_original": 0.06878728894768397,
    "test_rmse_original": 0.4988061683110089,
    "train_mape": 0.03894757920496311,
    "test_mape": 0.19507046367494627,
    "cv_r2_mean": 0.9999942101732074,
    "cv_r2_std": 9.724567775224078e-07,
    "overfitting_r2": 4.73860282268479e-06
}