{
    "model": "Random Forest",
<<<<<<< HEAD
    "cv_r2_mean": 0.987377165857142,
    "cv_r2_std": 0.003834355119979967,
    "cv_rmse_mean": 0.14734869433331987,
    "cv_rmse_std": 0.024063458605877778,
    "cv_mae_mean": 0.06747720680847877,
    "cv_mae_std": 0.007324407043816735,
    "train_r2_mean": 0.9983973654287872,
    "train_r2": 0.9985581357001525,
    "test_r2": 0.9849500106718615,
    "train_rmse_log": 0.050502738480342306,
    "test_rmse_log": 0.15795948529971637,
    "train_mae_log": 0.021992638605361128,
    "test_mae_log": 0.07136388236701365,
    "test_rmse_original": 47.448480781411504,
    "test_mae_original": 15.030384755589639,
    "test_mape": 7.354450522570353,
    "overfitting_r2": 0.013608125028291007,
    "overfitting_rmse": 0.10745674681937406,
    "train_time": 7.656965732574463
=======
    "cv_r2_mean": 0.9999858488810602,
    "cv_r2_std": 3.843218381844135e-06,
    "cv_rmse_mean": 0.004964638018623012,
    "cv_rmse_std": 0.0007410939535356433,
    "cv_mae_mean": 0.003388421936285405,
    "cv_mae_std": 0.0004619198885502112,
    "train_r2_mean": 0.9999977450898809,
    "train_r2": 0.9999984845032549,
    "test_r2": 0.9999884402758348,
    "train_rmse_log": 0.001637307448782276,
    "test_rmse_log": 0.004377753960066003,
    "train_mae_log": 0.0010973894854460573,
    "test_mae_log": 0.00292263736089214,
    "test_rmse_original": 0.8241894020307171,
    "test_mae_original": 0.32859828518241957,
    "test_mape": 0.30724392192800676,
    "overfitting_r2": 1.0044227420125118e-05,
    "overfitting_rmse": 0.002740446511283727,
    "train_time": 14.559325933456421
>>>>>>> 08bb48e1b1a1e9b101180d1321eae90b103386c3
}