{
    "model": "Random Forest",
    "cv_r2_mean": 0.987377165857142,
    "cv_r2_std": 0.003834355119979967,
    "cv_rmse_mean": 0.14734869433331987,
    "cv_rmse_std": 0.024063458605877778,
    "cv_mae_mean": 0.06747720680847877,
    "cv_mae_std": 0.007324407043816735,
    "train_r2_mean": 0.9983973654287872,
    "train_r2": 0.9985581357001525,
    "test_r2": 0.9849500106718615,
    "train_rmse_log": 0.050502738480342306,
    "test_rmse_log": 0.15795948529971637,
    "train_mae_log": 0.021992638605361128,
    "test_mae_log": 0.07136388236701365,
    "test_rmse_original": 47.448480781411504,
    "test_mae_original": 15.030384755589639,
    "test_mape": 7.354450522570353,
    "overfitting_r2": 0.013608125028291007,
    "overfitting_rmse": 0.10745674681937406,
    "train_time": 7.656965732574463
}