{
    "model": "Gradient Boosting RandomizedSearch M1",
    "train_r2": 0.8813334412987286,
    "test_r2": 0.6458166754447943,
    "train_rmse_log": 0.4581597231708893,
    "test_rmse_log": 0.7662873726264415,
    "train_mae_log": 0.36934249263707525,
    "test_mae_log": 0.5783676928890594,
    "train_rmse_original": 65.67355435770803,
    "test_rmse_original": 99.64778807307884,
    "train_mape": 42.44195349879962,
    "test_mape": 97.88761313172151,
    "cv_r2_mean": 0.7221709715503375,
    "cv_r2_std": 0.018731757590867062,
    "overfitting_r2": 0.23551676585393433
}