{
    "model": "Gradient Boosting RandomizedSearch M2",
    "train_r2": 0.9999999722362749,
    "test_r2": 0.9999960639818511,
    "train_rmse_log": 0.00022161114683629687,
    "test_rmse_log": 0.0025545014886092406,
    "train_mae_log": 0.00014914423172224494,
    "test_mae_log": 0.0016223061034253705,
    "train_rmse_original": 0.04241128326459168,
    "test_rmse_original": 0.5480692796099891,
    "train_mape": 0.015555887029130636,
    "test_mape": 0.1700399307944873,
    "cv_r2_mean": 0.9999949571062103,
    "cv_r2_std": 1.6378010508610168e-06,
    "overfitting_r2": 3.908254423756752e-06
}