{
    "model": "Random Forest",
    "cv_r2_mean": 0.9999863950182512,
    "cv_r2_std": 3.489027628108358e-06,
    "cv_rmse_mean": 0.004871725822298427,
    "cv_rmse_std": 0.0006646364219945722,
    "cv_mae_mean": 0.003312170900624933,
    "cv_mae_std": 0.0004115279928610274,
    "train_r2_mean": 0.9999977400042261,
    "train_r2": 0.9999985536772055,
    "test_r2": 0.9999886834897773,
    "train_rmse_log": 0.0015995040684049842,
    "test_rmse_log": 0.0043314556699901394,
    "train_mae_log": 0.001066779498454479,
    "test_mae_log": 0.0029044003133233886,
    "test_rmse_original": 0.8451348069214294,
    "test_mae_original": 0.32936587765846953,
    "test_mape": 0.3046898983334227,
    "overfitting_r2": 9.870187428151489e-06,
    "overfitting_rmse": 0.002731951601585155,
    "train_time": 14.5340256690979
}