{
    "model": "Random Forest GridSearch M1",
    "train_r2": 0.9999984800693309,
    "test_r2": 0.9999912207112029,
    "train_rmse_log": 0.0016397008536410424,
    "test_rmse_log": 0.0038151119092821365,
    "train_mae_log": 0.0010755048664376514,
    "test_mae_log": 0.0025596671672250128,
    "train_rmse_original": 0.37978121828281847,
    "test_rmse_original": 0.7965222256498522,
    "train_mape": 0.11283349412360821,
    "test_mape": 0.26823421040211104,
    "cv_r2_mean": 0.9999881107197911,
    "cv_r2_std": 3.400800861883291e-06,
    "overfitting_r2": 7.259358127953419e-06
}