{
    "model": "Gradient Boosting",
    "cv_r2_mean": 0.7066874319314872,
    "cv_r2_std": 0.02075782147652434,
    "cv_rmse_mean": 0.7189143687204694,
    "cv_rmse_std": 0.010182383005887433,
    "cv_mae_mean": 0.5576314782428591,
    "cv_mae_std": 0.011480286169430386,
    "train_r2_mean": 0.8176997187563924,
    "train_r2": 0.8102833566266137,
    "test_r2": 0.650878118317574,
    "train_rmse_log": 0.5793025626806089,
    "test_rmse_log": 0.7607923706738192,
    "train_mae_log": 0.464370372669949,
    "test_mae_log": 0.5823303193133348,
    "test_rmse_original": 99.90954518555957,
    "test_mae_original": 55.23143449731702,
    "test_mape": 96.44061472669813,
    "overfitting_r2": 0.15940523830903963,
    "overfitting_rmse": 0.18148980799321035,
    "train_time": 17.683507204055786
}