{
<<<<<<< HEAD
    "model": "Gradient Boosting",
    "cv_r2_mean": 0.9898715090093926,
    "cv_r2_std": 0.002547284491509358,
    "cv_rmse_mean": 0.13278189689420364,
    "cv_rmse_std": 0.017594789066440082,
    "cv_mae_mean": 0.0741903749535913,
    "cv_mae_std": 0.005274256162730928,
    "train_r2_mean": 0.997476872162807,
    "train_r2": 0.9972960738258915,
    "test_r2": 0.9845720473969529,
    "train_rmse_log": 0.06915922987561976,
    "test_rmse_log": 0.15993067195365043,
    "train_mae_log": 0.047837074095582806,
    "test_mae_log": 0.08750499639990797,
    "test_rmse_original": 52.089349712334034,
    "test_mae_original": 17.47213149854074,
    "test_mape": 9.048187050130501,
    "overfitting_r2": 0.01272402642893855,
    "overfitting_rmse": 0.09077144207803067,
    "train_time": 6.543121576309204
=======
    "model": "Random Forest",
    "cv_r2_mean": 0.9999863950182512,
    "cv_r2_std": 3.489027628108358e-06,
    "cv_rmse_mean": 0.0048717258222984085,
    "cv_rmse_std": 0.0006646364219945637,
    "cv_mae_mean": 0.003312170900624917,
    "cv_mae_std": 0.0004115279928610426,
    "train_r2_mean": 0.9999977400042261,
    "train_r2": 0.9999985536772055,
    "test_r2": 0.9999886834897773,
    "train_rmse_log": 0.0015995040684050044,
    "test_rmse_log": 0.004331455669990136,
    "train_mae_log": 0.0010667794984544454,
    "test_mae_log": 0.002904400313323336,
    "test_rmse_original": 0.8451348069214466,
    "test_mae_original": 0.32936587765846465,
    "test_mape": 0.3046898983334177,
    "overfitting_r2": 9.870187428151489e-06,
    "overfitting_rmse": 0.0027319516015851314,
    "train_time": 14.926525115966797
>>>>>>> 08bb48e1b1a1e9b101180d1321eae90b103386c3
}