{
    "model": "Gradient Boosting",
    "cv_r2_mean": 0.7352751379355503,
    "cv_r2_std": 0.016473470416461605,
    "cv_rmse_mean": 0.6832021421758534,
    "cv_rmse_std": 0.012495508450048378,
    "cv_mae_mean": 0.527634422162001,
    "cv_mae_std": 0.01099673253794244,
    "train_r2_mean": 0.8415513375130692,
    "train_r2": 0.8336525002279858,
    "test_r2": 0.6832787451825679,
    "train_rmse_log": 0.5424514476000959,
    "test_rmse_log": 0.7246298474916945,
    "train_mae_log": 0.43214282411976646,
    "test_mae_log": 0.5506455096150865,
    "test_rmse_original": 96.5126552909589,
    "test_mae_original": 53.0090515970458,
    "test_mape": 87.99571143956094,
    "overfitting_r2": 0.15037375504541783,
    "overfitting_rmse": 0.18217839989159856,
    "train_time": 30.667187929153442
}