{
    "model": "Random Forest",
    "cv_r2_mean": 0.9999858488810602,
    "cv_r2_std": 3.843218381844135e-06,
    "cv_rmse_mean": 0.004964638018623025,
    "cv_rmse_std": 0.0007410939535356431,
    "cv_mae_mean": 0.003388421936285433,
    "cv_mae_std": 0.0004619198885501998,
    "train_r2_mean": 0.9999977450898809,
    "train_r2": 0.9999984845032549,
    "test_r2": 0.9999884402758348,
    "train_rmse_log": 0.0016373074487822472,
    "test_rmse_log": 0.004377753960065951,
    "train_mae_log": 0.0010973894854460601,
    "test_mae_log": 0.002922637360892083,
    "test_rmse_original": 0.824189402030681,
    "test_mae_original": 0.32859828518240636,
    "test_mape": 0.3072439219280011,
    "overfitting_r2": 1.0044227420125118e-05,
    "overfitting_rmse": 0.002740446511283704,
    "train_time": 16.652631998062134
}